date,scenario,expected_rev_eur,realized_rev_eur,cycles
2025-07-17,perfect,115.33024634630095,115.33024634630098,1.7719544457292886
2025-07-18,perfect,98.80645743991457,98.80645743991461,1.807931668593933
2025-07-19,perfect,204.74842376310315,204.74842376310312,0.9219544457292888
2025-07-20,perfect,200.71948283526615,200.71948283526615,0.9219544457292888
2025-07-21,perfect,79.10658468416719,79.10658468416719,1.8079316685939333
2025-07-22,perfect,211.5164362486487,211.5164362486487,1.3829316685939332
2025-07-23,perfect,152.8264466412699,152.8264466412699,1.3829316685939332
2025-07-24,perfect,91.97583971707655,91.97583971707652,1.8439088914585775
2025-07-25,perfect,49.22469563029631,49.22469563029631,1.3469544457292888
2025-07-26,perfect,104.37539796172814,104.37539796172814,0.9219544457292888
2025-07-27,perfect,175.41173846809198,175.41173846809198,0.9219544457292888
2025-07-28,perfect,95.37903040958633,95.37903040958635,2.2689088914585778
2025-07-29,perfect,218.28919982343973,218.28919982343973,1.807931668593933
2025-07-30,perfect,160.95301887066645,160.95301887066645,1.3859772228646445
2025-07-31,perfect,128.9907849754887,128.99078497548874,1.807931668593933
2025-08-01,perfect,105.17264366893971,105.1726436689397,1.3469544457292888
2025-08-02,perfect,197.26137320823864,197.26137320823864,0.9219544457292888
2025-08-03,perfect,189.50392218999974,189.50392218999974,0.9219544457292888
2025-08-04,perfect,210.54913489676454,210.54913489676454,1.8439088914585775
2025-08-05,perfect,278.53178231568074,278.5317823156808,1.8109772228646444
2025-08-06,perfect,342.4667569629438,342.46675696294375,2.3048861143232218
2025-08-07,perfect,242.40267725113972,242.40267725113972,1.807931668593933
2025-08-08,perfect,262.49237814602515,262.49237814602515,1.8439088914585775
2025-08-09,perfect,250.35919092652478,250.35919092652478,1.3469544457292888
2025-08-10,perfect,312.3437610376934,312.34376103769335,1.3469544457292888
2025-08-11,perfect,366.6437853669963,366.6437853669963,1.8439088914585775
2025-08-12,perfect,268.05701290346013,268.05701290346013,1.8439088914585775
2025-08-13,perfect,303.5607270221882,303.5607270221882,1.8439088914585775
2025-08-14,perfect,365.94673043786145,365.94673043786145,1.8439088914585775
2025-08-15,perfect,210.05849408910066,210.05849408910063,1.3469544457292888
2025-08-16,perfect,183.24170004556342,183.24170004556345,0.9219544457292888
2025-08-17,perfect,188.3933416862099,188.3933416862099,0.9219544457292888
2025-08-18,perfect,346.0558762515903,346.05587625159035,1.8439088914585775
2025-08-19,perfect,206.40107136111686,206.4010713611169,1.807931668593933
2025-08-20,perfect,158.90902638217943,158.90902638217943,1.8439088914585775
2025-08-21,perfect,87.43680920645883,87.43680920645883,1.3829316685939332
2025-08-22,perfect,212.40474986400602,212.40474986400602,1.4219544457292888
2025-08-23,perfect,201.55454157150797,201.55454157150797,0.9219544457292888
2025-08-24,perfect,215.99612088910578,215.99612088910578,0.9219544457292888
2025-08-25,perfect,370.14051373826635,370.14051373826635,1.8439088914585775
2025-08-26,perfect,296.3889286116754,296.38892861167545,1.8439088914585775
2025-08-27,perfect,300.92855610810625,300.92855610810625,1.8439088914585775
2025-08-28,perfect,201.45006942750905,201.45006942750905,1.8439088914585775
2025-08-29,perfect,162.5445983650234,162.54459836502343,1.8439088914585775
2025-08-30,perfect,229.0296751029089,229.02967510290893,1.4219544457292888
2025-08-31,perfect,231.55004388290848,231.55004388290854,1.3829316685939332
2025-09-01,perfect,388.18180621599504,388.18180621599504,1.8439088914585775
2025-09-02,perfect,442.9144034539862,442.9144034539862,1.8439088914585775
2025-09-03,perfect,255.15441596316606,255.15441596316606,2.232931668593933
2025-09-04,perfect,608.8237607500637,608.8237607500638,2.232931668593933
2025-09-05,perfect,162.27927231516213,162.27927231516213,1.8439088914585775
2025-09-06,perfect,282.1665286662982,282.1665286662982,1.3829316685939332
2025-09-07,perfect,293.37784847979543,293.37784847979543,0.9609772228646444
2025-09-08,perfect,579.8812884558671,579.8812884558671,1.8439088914585775
2025-09-09,perfect,610.3682495672062,610.3682495672064,1.8439088914585775
2025-09-10,perfect,389.9020244686326,389.9020244686326,1.8439088914585775
2025-09-11,perfect,322.4761935811414,322.47619358114133,2.232931668593933
2025-09-12,perfect,374.56694788304856,374.5669478830485,2.232931668593933
2025-09-13,perfect,205.69419051867766,205.69419051867766,1.3829316685939332
2025-09-14,perfect,351.85145988699725,351.85145988699725,1.8439088914585775
2025-09-15,perfect,229.75707078213617,229.75707078213617,2.3048861143232218
2025-09-16,perfect,190.08025877451036,190.08025877451036,2.7298861143232216
2025-09-17,perfect,314.40482414273447,314.40482414273447,2.3048861143232218
2025-09-18,perfect,322.2347990387339,322.2347990387339,2.232931668593933
2025-09-19,perfect,703.3228284415055,703.3228284415055,1.8439088914585775
2025-09-20,perfect,284.09393691638047,284.09393691638047,1.4219544457292888
2025-09-21,perfect,136.6720069014487,136.6720069014487,2.3048861143232218
2025-09-22,perfect,152.22347130102293,152.22347130102293,1.8439088914585775
2025-09-23,perfect,225.69886838789705,225.6988683878971,1.8439088914585775
2025-09-24,perfect,247.51294367261676,247.51294367261679,1.8439088914585775
2025-09-25,perfect,250.83321130122158,250.83321130122164,1.8439088914585775
2025-09-26,perfect,123.43094051546765,123.43094051546765,1.8439088914585775
2025-09-27,perfect,166.92016411920991,166.92016411920991,1.8439088914585775
2025-09-28,perfect,217.24661978848053,217.24661978848056,1.3829316685939332
2025-09-29,perfect,657.075543361338,657.075543361338,1.8439088914585775
2025-09-30,perfect,634.2568798257051,634.2568798257051,1.8439088914585775
2025-10-01,perfect,506.84333525731347,506.84333525731347,1.8439088914585775
2025-10-02,perfect,292.8840495658127,292.8840495658127,1.8439088914585775
2025-10-03,perfect,262.74681163942614,262.7468116394262,1.8439088914585775
2025-10-04,perfect,13.82262840125638,13.822628401256377,3.196954445729289
2025-10-05,perfect,64.77401963937251,64.77401963937251,3.1548861143232214
2025-10-06,perfect,207.4455783877058,207.44557838770578,2.3048861143232218
2025-10-07,perfect,430.60455731935593,430.60455731935593,1.8439088914585775
2025-10-08,perfect,255.27304564308463,255.2730456430846,1.8439088914585775
2025-10-09,perfect,121.95870558096824,121.95870558096823,1.8439088914585775
2025-10-10,perfect,95.69344219507362,95.69344219507363,1.8439088914585775
2025-10-11,perfect,118.60285191632323,118.60285191632323,1.807931668593933
2025-10-12,perfect,75.08888095966545,75.08888095966546,1.3469544457292888
2025-10-13,perfect,535.2169509669224,535.2169509669224,1.8439088914585775
2025-10-14,perfect,614.8296747582117,614.8296747582118,1.8439088914585775
2025-10-15,perfect,461.75880586508373,461.7588058650837,1.8439088914585775
2025-10-16,perfect,111.63945775307621,111.63945775307627,1.8439088914585775
2025-10-17,perfect,107.70855823283449,107.70855823283449,1.8439088914585775
2025-10-18,perfect,96.82262651872165,96.82262651872162,1.8439088914585775
2025-10-19,perfect,154.29700078635153,154.29700078635153,1.3829316685939332
2025-10-20,perfect,180.25903646893386,180.2590364689339,1.8439088914585775
2025-10-21,perfect,234.1483823395689,234.14838233956885,2.3048861143232218
2025-10-22,perfect,354.51277802359834,354.51277802359834,1.8439088914585775
2025-10-23,perfect,103.93069673087015,103.93069673087007,1.8829316685939332
2025-10-24,perfect,283.33425305203286,283.33425305203286,2.3048861143232218
2025-10-25,perfect,106.78806121084345,106.78806121084345,3.1189088914585774
2025-11-03,perfect,112.1728249219542,112.17282492195422,1.8439088914585775
2025-11-04,perfect,249.87534182459055,249.87534182459052,2.3048861143232218
2025-11-05,perfect,162.40476578198718,162.40476578198715,1.8439088914585775
2025-11-06,perfect,130.85000763792215,130.85000763792215,1.8439088914585775
2025-11-07,perfect,168.67481121199256,168.67481121199253,1.8439088914585775
2025-11-08,perfect,42.55871230803628,42.55871230803628,0.9219544457292888
2025-11-09,perfect,37.69991100349485,37.69991100349486,0.9219544457292888
2025-11-10,perfect,112.12833582939962,112.12833582939965,1.7719544457292888
2025-11-11,perfect,112.30574057418264,112.30574057418265,1.7719544457292888
2025-11-12,perfect,142.60068126145853,142.60068126145853,2.232931668593933
2025-11-13,perfect,177.1783935722304,177.1783935722304,2.2689088914585778
2025-11-14,perfect,79.36426337902276,79.36426337902276,1.4219544457292888
2025-11-15,perfect,43.74057765210715,43.74057765210716,0.9219544457292888
2025-11-16,perfect,47.632664871147924,47.63266487114794,0.9219544457292888
2025-11-17,perfect,110.18247322186477,110.18247322186477,2.3048861143232218
2025-11-18,perfect,107.81531439777274,107.8153143977728,1.8439088914585775
2025-11-19,perfect,84.37832294647485,84.37832294647487,1.8439088914585775
2025-11-20,perfect,139.16477759204278,139.1647775920428,1.8439088914585775
2025-11-21,perfect,330.7097339914409,330.7097339914409,1.8439088914585775
2025-11-22,perfect,55.96554949999546,55.96554949999546,2.3048861143232218
2025-11-23,perfect,18.80199026145837,18.80199026145837,0.9219544457292888
2025-11-24,perfect,266.07809597217795,266.07809597217795,0.9219544457292888
2025-11-25,perfect,463.24302213316037,463.24302213316037,1.3469544457292888
2025-11-26,perfect,402.53699518885117,402.53699518885105,1.8439088914585775
2025-11-27,perfect,66.09268006751563,66.0926800675156,1.3469544457292888
2025-11-28,perfect,54.50688170365245,54.50688170365245,0.9219544457292888
2025-11-29,perfect,21.670957210714647,21.670957210714647,1.3469544457292888
2025-11-30,perfect,28.439983178426715,28.439983178426715,0.8859772228646444
2025-12-01,perfect,111.28763687676617,111.28763687676619,1.8439088914585775
2025-12-02,perfect,137.9491514481782,137.94915144817824,1.3829316685939332
2025-12-03,perfect,380.7690349127185,380.76903491271855,1.8439088914585775
2025-12-04,perfect,87.26291059429852,87.26291059429852,0.9219544457292888
2025-12-05,perfect,149.5680816244761,149.56808162447606,0.9219544457292888
2025-12-06,perfect,32.51826358890639,32.51826358890639,1.3829316685939332
2025-12-07,perfect,93.43801463810406,93.43801463810408,0.9219544457292888
2025-12-08,perfect,123.71592862210626,123.71592862210628,2.2329316685939333
2025-12-09,perfect,83.05517036515565,83.05517036515565,0.9219544457292888
2025-12-10,perfect,79.48569148066655,79.4856914806665,1.8079316685939333
2025-12-11,perfect,37.00625809763426,37.00625809763426,1.7719544457292888
2025-12-12,perfect,77.9833738267927,77.9833738267927,0.9219544457292888
2025-12-13,perfect,41.60223527589174,41.60223527589173,0.9219544457292888
2025-12-14,perfect,23.768350459734293,23.76835045973428,1.3829316685939332
2025-12-15,perfect,45.71898171093255,45.71898171093254,1.7719544457292888
2025-12-16,perfect,96.28143630915775,96.28143630915783,0.9219544457292888
2025-12-17,perfect,57.90497574991784,57.904975749917824,0.9219544457292888
2025-12-18,perfect,154.40347856202715,154.40347856202715,1.3829316685939332
2025-12-19,perfect,100.53473294311802,100.53473294311802,1.3469544457292888
2025-12-20,perfect,35.13873621720057,35.13873621720057,0.9219544457292888
2025-12-21,perfect,23.471590830430813,23.471590830430813,0.9219544457292888
2025-12-22,perfect,36.08312742997603,36.083127429976045,0.9219544457292888
2025-12-23,perfect,25.755643430639665,25.75564343063968,1.3829316685939332
2025-12-24,perfect,34.49667533934256,34.49667533934257,1.7719544457292888
2025-12-25,perfect,50.31147365905453,50.31147365905451,1.7719544457292886
2025-12-26,perfect,23.918504330144998,23.91850433014497,1.3859772228646445
2025-12-27,perfect,33.6530616719362,33.6530616719362,1.4219544457292888
2025-12-28,perfect,33.112353329635724,33.11235332963571,1.7359772228646444
2025-12-29,perfect,35.47461517884584,35.47461517884585,1.8439088914585775
2025-12-30,perfect,42.97851976613623,42.97851976613629,1.8439088914585775
2025-12-31,perfect,36.22569998862765,36.22569998862764,0.9219544457292888
2026-01-01,perfect,94.38270527121678,94.38270527121676,2.1609772228646444
2026-01-02,perfect,94.52335151872529,94.52335151872528,1.8439088914585775
2026-01-03,perfect,30.36425898204432,30.364258982044305,0.9219544457292888
2026-01-04,perfect,35.27369067339774,35.27369067339774,0.9219544457292888
2026-01-05,perfect,188.25153667924047,188.25153667924047,0.9219544457292888
2026-01-06,perfect,97.22279602631144,97.22279602631144,0.9219544457292888
2026-01-07,perfect,47.673663631884665,47.673663631884665,1.4219544457292888
2026-01-08,perfect,311.46158801522256,311.46158801522256,0.9219544457292888
2026-01-09,perfect,55.37764672886803,55.37764672886803,1.3469544457292888
2026-01-10,perfect,75.88627246171252,75.8862724617125,0.9219544457292888
2026-01-11,perfect,29.4043666852573,29.404366685257344,1.3109772228646444
2026-01-12,perfect,66.96572451911862,66.96572451911861,0.9219544457292888
2026-01-13,perfect,74.05409272034338,74.05409272034338,0.9219544457292888
2026-01-14,perfect,171.2293594659244,171.2293594659244,1.8439088914585775
2026-01-15,perfect,81.64498238824608,81.64498238824609,1.3109772228646444
2026-01-16,perfect,120.28180743946231,120.28180743946236,0.9219544457292888
2026-01-17,perfect,42.366375997988925,42.36637599798894,0.9219544457292888
2026-01-18,perfect,39.37345764427553,39.373457644275504,0.9219544457292888
2026-01-19,perfect,198.64016859863364,198.64016859863364,1.8439088914585775
2026-01-20,perfect,488.84187134798003,488.8418713479801,1.8439088914585775
2026-01-21,perfect,141.1134683614753,141.11346836147533,1.8439088914585775
2026-01-22,perfect,97.60044354922626,97.60044354922627,1.8439088914585775
2026-01-23,perfect,100.39528838021963,100.3952883802196,1.8439088914585775
2026-01-24,perfect,49.78399640159472,49.78399640159472,1.3469544457292888
2026-01-25,perfect,26.816419205807918,26.816419205807904,0.9219544457292888
2026-01-26,perfect,109.2301339645374,109.23013396453734,1.7719544457292888
2026-01-27,perfect,97.59190200403361,97.59190200403361,1.4219544457292888
2026-01-28,perfect,90.85033051655591,90.85033051655591,1.3469544457292888
2026-01-29,perfect,87.0580027579462,87.05800275794621,0.9219544457292888
2026-01-30,perfect,62.584455058411834,62.58445505841178,0.9219544457292888
2026-01-31,perfect,35.26654591659883,35.26654591659883,0.9219544457292888
2026-02-01,perfect,34.54641493669081,34.54641493669081,0.9219544457292888
2026-02-02,perfect,56.93919449826738,56.93919449826738,0.9219544457292888
2026-02-03,perfect,50.290895983513195,50.290895983513224,1.7719544457292888
2026-02-04,perfect,64.26889779876431,64.26889779876427,1.8439088914585775
2026-02-05,perfect,51.950898383216156,51.95089838321614,0.9219544457292888
2026-02-06,perfect,48.79822532387052,48.7982253238705,0.9219544457292888
2026-02-07,perfect,39.248205313788645,39.248205313788674,1.4219544457292888
2026-02-08,perfect,27.192892449957654,27.192892449957668,0.9219544457292888
2026-02-09,perfect,188.23608104866844,188.2360810486685,1.8439088914585775
2026-02-10,perfect,45.74571041221516,45.745710412215146,1.7719544457292888
2026-02-11,perfect,41.33810670524262,41.33810670524261,0.9219544457292888
2026-02-12,perfect,40.833247885702576,40.83324788570255,1.3469544457292888
2026-02-13,perfect,60.92801078865121,60.92801078865119,1.8439088914585775
2026-02-14,perfect,35.17964614965014,35.179646149650154,0.8859772228646444
2026-02-15,perfect,69.54636772216341,69.54636772216338,1.3829316685939332
2026-02-16,perfect,68.07297941729476,68.07297941729476,0.9219544457292888
2026-02-17,perfect,76.767727973016,76.76772797301598,1.8439088914585775
2026-02-18,perfect,177.9734767863865,177.97347678638653,1.8439088914585775
2026-02-19,perfect,29.984887102974753,29.984887102974767,0.9219544457292888
2026-02-20,perfect,76.01220611833472,76.01220611833472,1.4219544457292888
2026-02-21,perfect,92.77359387034092,92.7735938703409,1.8829316685939332
2026-02-22,perfect,64.25511698545276,64.25511698545273,2.196954445729289
2026-02-23,perfect,221.97232328651796,221.972323286518,1.8079316685939333
2026-02-24,perfect,200.80963283389468,200.80963283389463,1.8439088914585775
2026-02-25,perfect,137.58219037117834,137.58219037117834,1.8439088914585775
2026-02-26,perfect,208.9043228017482,208.90432280174818,1.8439088914585775
2026-02-27,perfect,223.34556677019387,223.34556677019387,1.8439088914585775
2026-02-28,perfect,179.19756813299068,179.19756813299068,1.3829316685939332
2026-03-01,perfect,193.45731206955833,193.45731206955833,1.8439088914585775
2026-03-02,perfect,332.19164796723635,332.19164796723635,1.8439088914585775
2026-03-03,perfect,334.14688363820915,334.14688363820915,1.8439088914585775
2026-03-04,perfect,594.7796025222409,594.7796025222408,1.8439088914585775
2026-03-05,perfect,392.48898241425263,392.48898241425263,1.8439088914585775
2026-03-06,perfect,336.92412593886604,336.924125938866,1.8439088914585775
2026-03-07,perfect,287.0785123226557,287.0785123226557,1.3829316685939332
2026-03-08,perfect,283.9342720709906,283.9342720709906,1.3829316685939332
2026-03-09,perfect,349.68230851827707,349.682308518277,1.8439088914585775
2026-03-10,perfect,261.63013084112697,261.63013084112697,1.8439088914585775
2026-03-11,perfect,238.49195589301792,238.49195589301794,2.232931668593933
2026-03-12,perfect,338.31767474949356,338.31767474949356,1.8439088914585775
2026-03-13,perfect,223.74775484860933,223.7477548486093,2.3048861143232218
2026-03-14,perfect,55.8503125922835,55.8503125922835,1.4219544457292888
2026-03-15,perfect,233.37265342912877,233.37265342912877,1.3829316685939332
2026-03-16,perfect,351.2248677534039,351.2248677534038,2.3048861143232218
2026-03-17,perfect,214.24069853709108,214.24069853709108,1.8439088914585775
2026-03-18,perfect,353.5960869551195,353.5960869551195,1.8439088914585775
2026-03-19,perfect,417.9565688831791,417.9565688831791,1.8439088914585775
2026-03-20,perfect,297.53546724086317,297.5354672408631,1.8439088914585775
2026-03-21,perfect,266.8373849170257,266.8373849170257,1.3829316685939332
2026-03-22,perfect,281.11407402643863,281.11407402643863,1.3829316685939332
2026-03-23,perfect,407.4201326527676,407.4201326527676,1.8439088914585775
2026-03-24,perfect,355.02158791030644,355.0215879103065,1.3829316685939332
2026-03-25,perfect,191.54278302048198,191.54278302048198,2.8048861143232218
2026-03-26,perfect,311.93980983055815,311.9398098305581,1.8439088914585775
2026-03-27,perfect,245.9961485862649,245.9961485862649,1.8439088914585775
2026-03-28,perfect,217.65879086598227,217.65879086598227,1.3469544457292888
2026-03-29,perfect,264.64500917827263,264.64500917827263,1.3829316685939332
2026-03-30,perfect,287.7469632569142,287.7469632569142,1.8439088914585775
2026-03-31,perfect,226.2991302921822,226.29913029218218,1.807931668593933
2026-04-01,perfect,258.210025205106,258.210025205106,1.8439088914585775
2026-04-02,perfect,232.13275233784452,232.13275233784452,1.8439088914585775
2026-04-03,perfect,232.09483662621898,232.09483662621898,1.3829316685939332
2026-04-04,perfect,249.22154417672095,249.22154417672095,2.3048861143232218
2026-04-05,perfect,259.08080135636465,259.08080135636465,1.8469544457292888
2026-04-06,perfect,374.89199294890193,374.891992948902,1.8439088914585775
2026-04-07,perfect,437.3473999126983,437.34739991269834,1.8439088914585775
2026-04-08,perfect,437.1891331657681,437.18913316576806,1.8439088914585775
2026-04-09,perfect,322.42711529406665,322.42711529406665,1.8439088914585775
2026-04-10,perfect,245.94992892983385,245.94992892983387,1.8439088914585775
2026-04-11,perfect,357.8651987112344,357.8651987112345,0.9219544457292888
2026-04-12,perfect,230.84737867857498,230.84737867857498,1.807931668593933
2026-04-13,perfect,139.56903758867122,139.56903758867128,1.8439088914585775
2026-04-14,perfect,222.94181009955014,222.94181009955014,1.8439088914585775
2026-04-15,perfect,249.2537860224253,249.2537860224253,1.8439088914585775
2026-04-16,perfect,235.0259544607935,235.0259544607935,1.8439088914585775
2026-04-17,perfect,258.46230705714737,258.4623070571473,1.8439088914585775
2026-04-18,perfect,248.23400464333648,248.23400464333648,0.9219544457292888
2026-04-19,perfect,227.29256696979536,227.29256696979536,0.9219544457292888
2026-04-20,perfect,195.50594360657374,195.50594360657368,1.4219544457292888
2026-04-21,perfect,278.14136503415625,278.1413650341563,1.807931668593933
2026-04-22,perfect,339.53937257192183,339.53937257192183,1.8439088914585775
2026-04-23,perfect,350.4545406884842,350.4545406884842,1.807931668593933
2026-04-24,perfect,326.7586049292016,326.7586049292017,1.807931668593933
2026-04-25,perfect,552.2663462212201,552.26634622122,0.9219544457292888
2026-04-26,perfect,1114.0022209079136,1114.0022209079139,1.8079316685939333
2026-04-27,perfect,381.7001237121575,381.70012371215745,1.8439088914585775
2026-04-28,perfect,285.5980639952794,285.5980639952794,1.4219544457292888
2026-04-29,perfect,404.5689846364389,404.568984636439,1.807931668593933
2026-04-30,perfect,381.04934587205844,381.04934587205844,1.8439088914585775
2026-05-01,perfect,1323.643691020246,1323.6436910202463,1.3829316685939332
2026-05-02,perfect,538.2676660196644,538.2676660196644,1.3829316685939332
2026-05-03,perfect,268.0790699059328,268.0790699059328,0.9219544457292888
2026-05-04,perfect,327.2104044366922,327.2104044366922,1.8439088914585775
2026-05-05,perfect,126.43471623123881,126.4347162312388,1.8439088914585775
2026-05-06,perfect,89.72138565278743,89.72138565278745,1.8079316685939333
2026-05-07,perfect,174.56324625026633,174.56324625026633,1.8439088914585775
2026-05-08,perfect,151.7589772083304,151.75897720833044,1.807931668593933
2026-05-09,perfect,253.37674274656493,253.37674274656493,0.9219544457292888
2026-05-10,perfect,241.6023202846374,241.60232028463741,0.9219544457292888
2026-05-11,perfect,74.87901671098592,74.87901671098594,1.807931668593933
2026-05-12,perfect,199.53269426660617,199.53269426660617,1.8079316685939333
2026-05-13,perfect,160.74203374742513,160.7420337474251,1.807931668593933
2026-05-14,perfect,245.80251986882814,245.80251986882814,0.9219544457292888
2026-05-15,perfect,179.5779224838122,179.5779224838122,0.9219544457292888
2026-05-16,perfect,253.8963629992798,253.8963629992798,0.9219544457292888
2026-05-17,perfect,261.5253353248802,261.5253353248802,0.9219544457292888
2026-05-18,perfect,215.1759369377794,215.17593693777943,1.8439088914585775
2026-05-19,perfect,173.68570217894722,173.68570217894722,1.4219544457292888
2026-05-20,perfect,201.88226412878817,201.88226412878817,1.807931668593933
2026-05-21,perfect,326.2846287364041,326.2846287364041,1.807931668593933
2026-05-22,perfect,360.95022840322224,360.95022840322224,1.3829316685939332
2026-05-23,perfect,340.3439842417953,340.3439842417953,1.3469544457292888
2026-05-24,perfect,417.90609746201267,417.90609746201267,0.9219544457292888
2026-05-25,perfect,342.9084058996456,342.9084058996456,1.3469544457292888
2026-05-26,perfect,367.9110413972014,367.9110413972014,1.8079316685939333
2026-05-27,perfect,273.16863672707416,273.16863672707416,0.9609772228646444
2026-05-28,perfect,663.3255281836634,663.3255281836634,1.3829316685939332
2026-05-29,perfect,384.9561001650841,384.9561001650841,1.3829316685939332
2026-05-30,perfect,285.8488556940857,285.8488556940857,0.9609772228646444
2026-05-31,perfect,269.6441192903071,269.64411929030706,0.9219544457292888
2026-06-01,perfect,431.94620940543746,431.94620940543746,1.8439088914585775
2026-06-02,perfect,123.5758704589366,123.57587045893662,1.3829316685939332
2026-06-03,perfect,200.96843823731297,200.968438237313,1.807931668593933
2026-06-04,perfect,196.59298301468368,196.59298301468368,1.4609772228646443
2026-06-05,perfect,237.02391062619506,237.02391062619512,1.807931668593933
2026-06-06,perfect,284.1193174035935,284.11931740359347,1.3469544457292888
2026-06-07,perfect,319.5206837272158,319.5206837272158,0.9219544457292888
2026-06-08,perfect,255.84130011612532,255.8413001161253,1.4219544457292888
2026-06-09,perfect,266.5848012607473,266.5848012607473,1.3859772228646445
2026-06-10,perfect,195.90272378311965,195.90272378311965,1.8439088914585775
2026-06-11,perfect,230.59458499804057,230.59458499804057,1.3829316685939332
2026-06-12,perfect,116.37504707527194,116.37504707527197,1.8439088914585775
2026-06-13,perfect,270.97977067290543,270.9797706729054,0.9219544457292888
2026-06-14,perfect,217.82262372008992,217.82262372008992,0.9219544457292888
2026-06-15,perfect,256.1215846730617,256.1215846730617,1.8439088914585775
2026-06-16,perfect,179.03253462166884,179.03253462166887,1.3859772228646445
2026-06-17,perfect,140.23531054879436,140.23531054879436,0.9219544457292888
2026-06-18,perfect,699.0675440163665,699.0675440163666,1.3829316685939332
2026-06-19,perfect,313.0023318627947,313.0023318627947,1.3469544457292888
2026-06-20,perfect,289.279263356749,289.279263356749,0.9609772228646444
2026-06-21,perfect,265.70717869315735,265.70717869315735,0.9219544457292888
2026-06-22,perfect,371.91061266450777,371.91061266450777,1.8439088914585775
2026-06-23,perfect,777.8509910577143,777.8509910577142,1.8439088914585775
2026-06-24,perfect,938.3314285988204,938.3314285988201,2.2329316685939333
2026-06-25,perfect,425.5452713928022,425.5452713928022,1.3829316685939332
2026-06-26,perfect,478.0649183962364,478.0649183962364,1.8829316685939332
2026-06-27,perfect,363.30967480048366,363.30967480048366,1.3829316685939332
2026-06-28,perfect,275.2177569574726,275.2177569574726,0.9219544457292888
2026-06-29,perfect,327.4033109798754,327.40331097987536,1.8439088914585775
2025-07-17,persistence,84.91575699292406,104.02926531632947,1.3829316685939332
2025-07-18,persistence,115.33024634630095,73.19250223130491,1.7719544457292886
2025-07-19,persistence,98.80645743991457,154.28351323026277,1.807931668593933
2025-07-20,persistence,204.74842376310315,187.4341192723071,0.9219544457292888
2025-07-21,persistence,200.71948283526615,8.71090342203405,0.9219544457292888
2025-07-22,persistence,79.10658468416719,149.00263514711895,1.8079316685939333
2025-07-23,persistence,211.5164362486487,132.09134486334588,1.3829316685939332
2025-07-24,persistence,152.8264466412699,66.45870125903724,1.3829316685939332
2025-07-25,persistence,91.97583971707655,22.619608845035145,1.8439088914585775
2025-07-26,persistence,49.22469563029631,87.53204540772033,1.3469544457292888
2025-07-27,persistence,104.37539796172814,170.5645483946107,0.9219544457292888
2025-07-28,persistence,175.41173846809198,39.238256249155796,0.9219544457292888
2025-07-29,persistence,95.37903040958633,198.0026174433782,2.2689088914585778
2025-07-30,persistence,218.28919982343973,159.23421510285732,1.807931668593933
2025-07-31,persistence,160.95301887066645,119.64144577437975,1.3859772228646445
2025-08-01,persistence,128.9907849754887,91.47105960292622,1.807931668593933
2025-08-02,persistence,105.17264366893971,162.70594741144515,1.3469544457292888
2025-08-03,persistence,197.26137320823864,185.41690071467764,0.9219544457292888
2025-08-04,persistence,189.50392218999974,143.96098782674136,0.9219544457292888
2025-08-05,persistence,210.54913489676454,146.31657387640394,1.8439088914585775
2025-08-06,persistence,278.53178231568074,287.30390556309555,1.8109772228646444
2025-08-07,persistence,342.4667569629438,226.95513131360514,2.3048861143232218
2025-08-08,persistence,242.40267725113972,250.98870039060327,1.807931668593933
2025-08-09,persistence,262.49237814602515,198.01495806171567,1.8439088914585775
2025-08-10,persistence,250.35919092652478,311.5456015977459,1.3469544457292888
2025-08-11,persistence,312.3437610376934,283.0861486304346,1.3469544457292888
2025-08-12,persistence,366.6437853669963,265.01797896352826,1.8439088914585775
2025-08-13,persistence,268.05701290346013,303.5607270221882,1.8439088914585775
2025-08-14,persistence,303.5607270221882,364.96480675128055,1.8439088914585775
2025-08-15,persistence,365.94673043786145,204.35116345830986,1.8439088914585775
2025-08-16,persistence,210.05849408910066,169.85396467181332,1.3469544457292888
2025-08-17,persistence,183.24170004556342,186.67111149330577,0.9219544457292888
2025-08-18,persistence,188.3933416862099,230.85997239165476,0.9219544457292888
2025-08-19,persistence,346.0558762515903,206.0542513369014,1.8439088914585775
2025-08-20,persistence,206.40107136111686,156.33418819998224,1.807931668593933
2025-08-21,persistence,158.90902638217943,77.20966556939726,1.8439088914585775
2025-08-22,persistence,87.43680920645883,205.8622088132163,1.3829316685939332
2025-08-23,persistence,212.40474986400602,180.74615111900602,1.4219544457292888
2025-08-24,persistence,201.55454157150797,215.99612088910578,0.9219544457292888
2025-08-25,persistence,215.99612088910578,288.090207861914,0.9219544457292888
2025-08-26,persistence,370.14051373826635,293.602702324211,1.8439088914585775
2025-08-27,persistence,296.3889286116754,296.08382109486047,1.8439088914585775
2025-08-28,persistence,300.92855610810625,189.11315730610056,1.8439088914585775
2025-08-29,persistence,201.45006942750905,119.1805887279876,1.8439088914585775
2025-08-30,persistence,162.5445983650234,200.75756124795546,1.8439088914585775
2025-08-31,persistence,229.0296751029089,204.38986897609925,1.4219544457292888
2025-09-01,persistence,231.55004388290848,321.5771824811522,1.3829316685939332
2025-09-02,persistence,388.18180621599504,428.48910851283546,1.8439088914585775
2025-09-03,persistence,442.9144034539862,244.42362156277193,1.8439088914585775
2025-09-04,persistence,255.15441596316606,523.2022596075669,2.232931668593933
2025-09-05,persistence,608.8237607500637,148.24476921994545,2.232931668593933
2025-09-06,persistence,162.27927231516213,263.2118564658676,1.8439088914585775
2025-09-07,persistence,282.1665286662982,281.57479625303154,1.3829316685939332
2025-09-08,persistence,293.37784847979543,334.16979514963367,0.9609772228646444
2025-09-09,persistence,579.8812884558671,604.3075469717792,1.8439088914585775
2025-09-10,persistence,610.3682495672062,387.608697830672,1.8439088914585775
2025-09-11,persistence,389.9020244686326,306.4351065737565,1.8439088914585775
2025-09-12,persistence,322.4761935811414,366.0457296613402,2.232931668593933
2025-09-13,persistence,374.56694788304856,173.45984338857534,2.232931668593933
2025-09-14,persistence,205.69419051867766,317.84500960705543,1.3829316685939332
2025-09-15,persistence,351.85145988699725,200.86062757112927,1.8439088914585775
2025-09-16,persistence,229.75707078213617,179.09676469547725,2.3048861143232218
2025-09-17,persistence,190.08025877451036,264.6022391299409,2.7298861143232216
2025-09-18,persistence,314.40482414273447,321.5661639663135,2.3048861143232218
2025-09-19,persistence,322.2347990387339,618.0309745201046,2.232931668593933
2025-09-20,persistence,703.3228284415055,279.02663291129176,1.8439088914585775
2025-09-21,persistence,284.09393691638047,124.56641615169087,1.4219544457292888
2025-09-22,persistence,136.6720069014487,133.70323583076367,2.3048861143232218
2025-09-23,persistence,152.22347130102293,205.32074203396309,1.8439088914585775
2025-09-24,persistence,225.69886838789705,239.3736453230876,1.8439088914585775
2025-09-25,persistence,247.51294367261676,248.96478624454897,1.8439088914585775
2025-09-26,persistence,250.83321130122158,117.9283668284345,1.8439088914585775
2025-09-27,persistence,123.43094051546765,166.74624805413765,1.8439088914585775
2025-09-28,persistence,166.92016411920991,208.30577669490373,1.8439088914585775
2025-09-29,persistence,217.24661978848053,590.3713021385469,1.3829316685939332
2025-09-30,persistence,657.075543361338,630.0681316760074,1.8439088914585775
2025-10-01,persistence,634.2568798257051,497.5574013037259,1.8439088914585775
2025-10-02,persistence,506.84333525731347,291.2085691339339,1.8439088914585775
2025-10-03,persistence,292.8840495658127,258.47812373943924,1.8439088914585775
2025-10-04,persistence,262.74681163942614,5.773038538149725,1.8439088914585775
2025-10-05,persistence,13.82262840125638,49.583553689807374,3.196954445729289
2025-10-06,persistence,64.77401963937251,145.6106695977159,3.1548861143232214
2025-10-07,persistence,207.4455783877058,398.61336402115876,2.3048861143232218
2025-10-08,persistence,430.60455731935593,255.2730456430846,1.8439088914585775
2025-10-09,persistence,255.27304564308463,121.52951847526532,1.8439088914585775
2025-10-10,persistence,121.95870558096824,93.28233337097424,1.8439088914585775
2025-10-11,persistence,95.69344219507362,116.47330878314716,1.8439088914585775
2025-10-12,persistence,118.60285191632323,51.09725587681572,1.807931668593933
2025-10-13,persistence,75.08888095966545,227.72189596917917,1.3469544457292888
2025-10-14,persistence,535.2169509669224,609.7535248087497,1.8439088914585775
2025-10-15,persistence,614.8296747582117,460.96730041841874,1.8439088914585775
2025-10-16,persistence,461.75880586508373,102.28768543021886,1.8439088914585775
2025-10-17,persistence,111.63945775307621,100.86856504776745,1.8439088914585775
2025-10-18,persistence,107.70855823283449,87.17442790383305,1.8439088914585775
2025-10-19,persistence,96.82262651872165,107.93064174262673,1.8439088914585775
2025-10-20,persistence,154.29700078635153,104.42034060763243,1.3829316685939332
2025-10-21,persistence,180.25903646893386,170.08765873035543,1.8439088914585775
2025-10-22,persistence,234.1483823395689,304.9116788663519,2.3048861143232218
2025-10-23,persistence,354.51277802359834,52.903856042956306,1.8439088914585775
2025-10-24,persistence,103.93069673087015,215.1429887397681,1.8829316685939332
2025-10-25,persistence,283.33425305203286,102.37617466432715,2.3048861143232218
2025-11-03,persistence,83.70497513770974,49.30922582592859,0.9219544457292888
2025-11-04,persistence,112.1728249219542,237.67617206664625,1.8439088914585775
2025-11-05,persistence,249.87534182459055,152.5019512708915,2.3048861143232218
2025-11-06,persistence,162.40476578198718,129.98501963187744,1.8439088914585775
2025-11-07,persistence,130.85000763792215,167.72587653921988,1.8439088914585775
2025-11-08,persistence,168.67481121199256,14.442291597403425,1.8439088914585775
2025-11-09,persistence,42.55871230803628,34.93734262656983,0.9219544457292888
2025-11-10,persistence,37.69991100349485,-5.58363205047894,0.9219544457292888
2025-11-11,persistence,112.12833582939962,102.50940872440992,1.7719544457292888
2025-11-12,persistence,112.30574057418264,136.9447530019176,1.7719544457292888
2025-11-13,persistence,142.60068126145853,156.94671108611846,2.232931668593933
2025-11-14,persistence,177.1783935722304,60.9702856083953,2.2689088914585778
2025-11-15,persistence,79.36426337902276,-19.354753821876727,1.4219544457292888
2025-11-16,persistence,43.74057765210715,47.13406288838851,0.9219544457292888
2025-11-17,persistence,47.632664871147924,30.814689609647303,0.9219544457292888
2025-11-18,persistence,110.18247322186477,98.35974697262441,2.3048861143232218
2025-11-19,persistence,107.81531439777274,74.27392601209681,1.8439088914585775
2025-11-20,persistence,84.37832294647485,118.02825160406967,1.8439088914585775
2025-11-21,persistence,139.16477759204278,330.7097339914409,1.8439088914585775
2025-11-22,persistence,330.7097339914409,33.48829802225211,1.8439088914585775
2025-11-23,persistence,55.96554949999546,-9.284736264306048,2.3048861143232218
2025-11-24,persistence,18.80199026145837,63.94285318786336,0.9219544457292888
2025-11-25,persistence,266.07809597217795,405.18192954116705,0.9219544457292888
2025-11-26,persistence,463.24302213316037,242.35533898811678,1.3469544457292888
2025-11-27,persistence,402.53699518885117,36.19490361093045,1.8439088914585775
2025-11-28,persistence,66.09268006751563,20.659099460614883,1.3469544457292888
2025-11-29,persistence,54.50688170365245,14.43877607445187,0.9219544457292888
2025-11-30,persistence,21.670957210714647,0.3904083192983592,1.3469544457292888
2025-12-01,persistence,28.439983178426715,-7.763423722087921,0.8859772228646444
2025-12-02,persistence,111.28763687676617,61.35978486121684,1.8439088914585775
2025-12-03,persistence,137.9491514481782,119.71841419204765,1.3829316685939332
2025-12-04,persistence,380.7690349127185,26.745601281337088,1.8439088914585775
2025-12-05,persistence,87.26291059429852,129.5192851662088,0.9219544457292888
2025-12-06,persistence,149.5680816244761,-7.364939225471531,0.9219544457292888
2025-12-07,persistence,32.51826358890639,82.51661019078088,1.3829316685939332
2025-12-08,persistence,93.43801463810406,108.5283737744533,0.9219544457292888
2025-12-09,persistence,123.71592862210626,48.68544299958819,2.2329316685939333
2025-12-10,persistence,83.05517036515565,50.24603574063016,0.9219544457292888
2025-12-11,persistence,79.48569148066655,21.197565918280986,1.8079316685939333
2025-12-12,persistence,37.00625809763426,51.17416532542592,1.7719544457292888
2025-12-13,persistence,77.9833738267927,27.207830126908988,0.9219544457292888
2025-12-14,persistence,41.60223527589174,19.395586111595065,0.9219544457292888
2025-12-15,persistence,23.768350459734293,-13.24158650897428,1.3829316685939332
2025-12-16,persistence,45.71898171093255,55.344984211229445,1.7719544457292888
2025-12-17,persistence,96.28143630915775,42.99622935857228,0.9219544457292888
2025-12-18,persistence,57.90497574991784,101.28484794579651,0.9219544457292888
2025-12-19,persistence,154.40347856202715,83.36165300510538,1.3829316685939332
2025-12-20,persistence,100.53473294311802,9.92838352003406,1.3469544457292888
2025-12-21,persistence,35.13873621720057,6.581236671915935,0.9219544457292888
2025-12-22,persistence,23.471590830430813,8.59721991360587,0.9219544457292888
2025-12-23,persistence,36.08312742997603,18.609762981695,0.9219544457292888
2025-12-24,persistence,25.755643430639665,12.536926171175992,1.3829316685939332
2025-12-25,persistence,34.49667533934256,25.363080080478113,1.7719544457292888
2025-12-26,persistence,50.31147365905453,7.892371845842206,1.7719544457292886
2025-12-27,persistence,23.918504330144998,21.531148015718372,1.3859772228646445
2025-12-28,persistence,33.6530616719362,13.629417211319463,1.4219544457292888
2025-12-29,persistence,33.112353329635724,28.658174024781715,1.7359772228646444
2025-12-30,persistence,35.47461517884584,34.97198797828844,1.8439088914585775
2025-12-31,persistence,42.97851976613623,29.98639919843589,1.8439088914585775
2026-01-01,persistence,36.22569998862765,36.64532526287212,0.9219544457292888
2026-01-02,persistence,94.38270527121678,-55.48694040484315,2.1609772228646444
2026-01-03,persistence,94.52335151872529,-22.957631286249224,1.8439088914585775
2026-01-04,persistence,30.36425898204432,34.15711294801537,0.9219544457292888
2026-01-05,persistence,35.27369067339774,150.88106399813236,0.9219544457292888
2026-01-06,persistence,188.25153667924047,67.96237624651954,0.9219544457292888
2026-01-07,persistence,97.22279602631144,18.845754271852698,0.9219544457292888
2026-01-08,persistence,47.673663631884665,132.92868942846883,1.4219544457292888
2026-01-09,persistence,311.46158801522256,16.638131707737315,0.9219544457292888
2026-01-10,persistence,55.37764672886803,29.57734660847626,1.3469544457292888
2026-01-11,persistence,75.88627246171252,22.838256100307248,0.9219544457292888
2026-01-12,persistence,29.4043666852573,20.202944256794353,1.3109772228646444
2026-01-13,persistence,66.96572451911862,30.335076810480466,0.9219544457292888
2026-01-14,persistence,74.05409272034338,28.136414735502825,0.9219544457292888
2026-01-15,persistence,171.2293594659244,32.884719274990914,1.8439088914585775
2026-01-16,persistence,81.64498238824608,117.9286929483979,1.3109772228646444
2026-01-17,persistence,120.28180743946231,34.89247209300878,0.9219544457292888
2026-01-18,persistence,42.366375997988925,27.922938159897342,0.9219544457292888
2026-01-19,persistence,39.37345764427553,100.71666508645129,0.9219544457292888
2026-01-20,persistence,198.64016859863364,357.87026017648014,1.8439088914585775
2026-01-21,persistence,488.84187134798003,136.63737366612702,1.8439088914585775
2026-01-22,persistence,141.1134683614753,93.89518146696855,1.8439088914585775
2026-01-23,persistence,97.60044354922626,87.16723415615434,1.8439088914585775
2026-01-24,persistence,100.39528838021963,35.74366197894295,1.8439088914585775
2026-01-25,persistence,49.78399640159472,0.14760663127435691,1.3469544457292888
2026-01-26,persistence,26.816419205807918,76.98848332091072,0.9219544457292888
2026-01-27,persistence,109.2301339645374,54.403097566617475,1.7719544457292888
2026-01-28,persistence,97.59190200403361,71.73241696602452,1.4219544457292888
2026-01-29,persistence,90.85033051655591,68.61395808717378,1.3469544457292888
2026-01-30,persistence,87.0580027579462,61.474455058411806,0.9219544457292888
2026-01-31,persistence,62.584455058411834,-20.72926160660657,0.9219544457292888
2026-02-01,persistence,35.26654591659883,22.10264846787109,0.9219544457292888
2026-02-02,persistence,34.54641493669081,-1.63738993736915,0.9219544457292888
2026-02-03,persistence,56.93919449826738,8.1136330655374,0.9219544457292888
2026-02-04,persistence,50.290895983513195,57.487015663156,1.7719544457292888
2026-02-05,persistence,64.26889779876431,35.3224830983126,1.8439088914585775
2026-02-06,persistence,51.950898383216156,31.10826976522435,0.9219544457292888
2026-02-07,persistence,48.79822532387052,-0.1738609156373343,0.9219544457292888
2026-02-08,persistence,39.248205313788645,16.51043264490238,1.4219544457292888
2026-02-09,persistence,27.192892449957654,146.88681048416328,0.9219544457292888
2026-02-10,persistence,188.23608104866844,41.34403472739535,1.8439088914585775
2026-02-11,persistence,45.74571041221516,22.293046410012778,1.7719544457292888
2026-02-12,persistence,41.33810670524262,35.626235980961525,0.9219544457292888
2026-02-13,persistence,40.833247885702576,54.8874891881519,1.3469544457292888
2026-02-14,persistence,60.92801078865121,18.40909868635481,1.8439088914585775
2026-02-15,persistence,35.17964614965014,-0.11049954482868429,0.8859772228646444
2026-02-16,persistence,69.54636772216341,-4.698642268793606,1.3829316685939332
2026-02-17,persistence,68.07297941729476,28.428153281392255,0.9219544457292888
2026-02-18,persistence,76.767727973016,158.0736122452438,1.8439088914585775
2026-02-19,persistence,177.9734767863865,-2.765878428183555,1.8439088914585775
2026-02-20,persistence,29.984887102974753,19.936678864691316,0.9219544457292888
2026-02-21,persistence,76.01220611833472,23.59941033024046,1.4219544457292888
2026-02-22,persistence,92.77359387034092,57.901822719817545,1.8829316685939332
2026-02-23,persistence,64.25511698545276,91.07748162171833,2.196954445729289
2026-02-24,persistence,221.97232328651796,143.52047768854084,1.8079316685939333
2026-02-25,persistence,200.80963283389468,106.99476326210379,1.8439088914585775
2026-02-26,persistence,137.58219037117834,204.31801225889953,1.8439088914585775
2026-02-27,persistence,208.9043228017482,212.88091568822844,1.8439088914585775
2026-02-28,persistence,223.34556677019387,143.43323680212688,1.8439088914585775
2026-03-01,persistence,179.19756813299068,168.38398047993314,1.3829316685939332
2026-03-02,persistence,193.45731206955833,260.06350016208904,1.8439088914585775
2026-03-03,persistence,332.19164796723635,321.22455284810195,1.8439088914585775
2026-03-04,persistence,334.14688363820915,578.5430489681944,1.8439088914585775
2026-03-05,persistence,594.7796025222409,389.80042571265005,1.8439088914585775
2026-03-06,persistence,392.48898241425263,320.9073036801726,1.8439088914585775
2026-03-07,persistence,336.92412593886604,257.73337363519784,1.8439088914585775
2026-03-08,persistence,287.0785123226557,277.8824417902363,1.3829316685939332
2026-03-09,persistence,283.9342720709906,231.89467447614248,1.3829316685939332
2026-03-10,persistence,349.68230851827707,256.27518185253064,1.8439088914585775
2026-03-11,persistence,261.63013084112697,218.65443422082993,1.8439088914585775
2026-03-12,persistence,238.49195589301792,305.5041686796781,2.232931668593933
2026-03-13,persistence,338.31767474949356,191.39951793315942,1.8439088914585775
2026-03-14,persistence,223.74775484860933,30.738388322394172,2.3048861143232218
2026-03-15,persistence,55.8503125922835,116.9342910729574,1.4219544457292888
2026-03-16,persistence,233.37265342912877,178.16698155803616,1.3829316685939332
2026-03-17,persistence,351.2248677534039,193.65420504980477,2.3048861143232218
2026-03-18,persistence,214.24069853709108,326.33538965203775,1.8439088914585775
2026-03-19,persistence,353.5960869551195,412.12143112338913,1.8439088914585775
2026-03-20,persistence,417.9565688831791,288.7397136777276,1.8439088914585775
2026-03-21,persistence,297.53546724086317,246.74517311310842,1.8439088914585775
2026-03-22,persistence,266.8373849170257,279.96163096927694,1.3829316685939332
2026-03-23,persistence,281.11407402643863,324.5270432256559,1.3829316685939332
2026-03-24,persistence,407.4201326527676,309.4668684862298,1.8439088914585775
2026-03-25,persistence,355.02158791030644,179.44329114680994,1.3829316685939332
2026-03-26,persistence,191.54278302048198,176.93198883901846,2.8048861143232218
2026-03-27,persistence,311.93980983055815,224.62307261376375,1.8439088914585775
2026-03-28,persistence,245.9961485862649,181.7311604750669,1.8439088914585775
2026-03-29,persistence,214.6064310856683,189.02254787630483,0.9609772228646444
2026-03-30,persistence,268.83990190634086,94.5856487762733,1.3829316685939332
2026-03-31,persistence,287.7469632569142,197.410143972108,1.8439088914585775
2026-04-01,persistence,226.2991302921822,248.458439115833,1.807931668593933
2026-04-02,persistence,258.210025205106,223.03825562877802,1.8439088914585775
2026-04-03,persistence,232.13275233784452,213.35872579864684,1.8439088914585775
2026-04-04,persistence,232.09483662621898,233.85244517538075,1.3829316685939332
2026-04-05,persistence,249.22154417672095,233.952186137824,2.3048861143232218
2026-04-06,persistence,259.08080135636465,359.682116757656,1.8469544457292888
2026-04-07,persistence,374.89199294890193,310.58400545744416,1.8439088914585775
2026-04-08,persistence,437.3473999126983,434.95641962784447,1.8439088914585775
2026-04-09,persistence,437.1891331657681,322.3809797965108,1.8439088914585775
2026-04-10,persistence,322.42711529406665,233.31171665002825,1.8439088914585775
2026-04-11,persistence,245.94992892983385,257.01245963616833,1.8439088914585775
2026-04-12,persistence,357.8651987112344,192.919869493519,0.9219544457292888
2026-04-13,persistence,230.84737867857498,54.9312036983321,1.807931668593933
2026-04-14,persistence,139.56903758867122,203.07299223423917,1.8439088914585775
2026-04-15,persistence,222.94181009955014,231.27748390448784,1.8439088914585775
2026-04-16,persistence,249.2537860224253,229.48252353414415,1.8439088914585775
2026-04-17,persistence,235.0259544607935,257.9090712705534,1.8439088914585775
2026-04-18,persistence,258.46230705714737,207.65084314733957,1.8439088914585775
2026-04-19,persistence,248.23400464333648,217.51034159723287,0.9219544457292888
2026-04-20,persistence,227.29256696979536,133.70135592122634,0.9219544457292888
2026-04-21,persistence,195.50594360657374,269.2198144309599,1.4219544457292888
2026-04-22,persistence,278.14136503415625,324.2683629590133,1.807931668593933
2026-04-23,persistence,339.53937257192183,348.1525748086683,1.8439088914585775
2026-04-24,persistence,350.4545406884842,319.8147797678354,1.807931668593933
2026-04-25,persistence,326.7586049292016,483.69920142344307,1.807931668593933
2026-04-26,persistence,552.2663462212201,1085.690982231376,0.9219544457292888
2026-04-27,persistence,1114.0022209079136,343.72372839412213,1.8079316685939333
2026-04-28,persistence,381.7001237121575,282.1320486841381,1.8439088914585775
2026-04-29,persistence,285.5980639952794,397.8986307198401,1.4219544457292888
2026-04-30,persistence,404.5689846364389,378.44767918839506,1.807931668593933
2026-05-01,persistence,381.04934587205844,1277.0801086595338,1.8439088914585775
2026-05-02,persistence,1323.643691020246,538.2676660196644,1.3829316685939332
2026-05-03,persistence,538.2676660196644,260.67629233894763,1.3829316685939332
2026-05-04,persistence,268.0790699059328,191.01183034316125,0.9219544457292888
2026-05-05,persistence,327.2104044366922,124.96912628795367,1.8439088914585775
2026-05-06,persistence,126.43471623123881,79.9167549928615,1.8439088914585775
2026-05-07,persistence,89.72138565278743,170.87968450893396,1.8079316685939333
2026-05-08,persistence,174.56324625026633,144.61740977043456,1.8439088914585775
2026-05-09,persistence,151.7589772083304,218.39406888177427,1.807931668593933
2026-05-10,persistence,253.37674274656493,241.47872794256122,0.9219544457292888
2026-05-11,persistence,241.6023202846374,9.886172345631707,0.9219544457292888
2026-05-12,persistence,74.87901671098592,177.9003436452943,1.807931668593933
2026-05-13,persistence,199.53269426660617,147.01453014285545,1.8079316685939333
2026-05-14,persistence,160.74203374742513,189.32196537916275,1.807931668593933
2026-05-15,persistence,245.80251986882814,176.88950260616187,0.9219544457292888
2026-05-16,persistence,179.5779224838122,253.22677677753472,0.9219544457292888
2026-05-17,persistence,253.8963629992798,261.1053353248802,0.9219544457292888
2026-05-18,persistence,261.5253353248802,110.66133384027937,0.9219544457292888
2026-05-19,persistence,215.1759369377794,153.29868385029505,1.8439088914585775
2026-05-20,persistence,173.68570217894722,152.65549913458463,1.4219544457292888
2026-05-21,persistence,201.88226412878817,320.115786533146,1.807931668593933
2026-05-22,persistence,326.2846287364041,346.1086849646167,1.807931668593933
2026-05-23,persistence,360.95022840322224,315.5616848678889,1.3829316685939332
2026-05-24,persistence,340.3439842417953,413.8394724620127,1.3469544457292888
2026-05-25,persistence,417.90609746201267,336.2464022620858,0.9219544457292888
2026-05-26,persistence,342.9084058996456,352.55373070823975,1.3469544457292888
2026-05-27,persistence,367.9110413972014,245.54659196023565,1.8079316685939333
2026-05-28,persistence,273.16863672707416,474.61901543756176,0.9609772228646444
2026-05-29,persistence,663.3255281836634,373.3329689646388,1.3829316685939332
2026-05-30,persistence,384.9561001650841,275.5729488257066,1.3829316685939332
2026-05-31,persistence,285.8488556940857,268.47639711639374,0.9609772228646444
2026-06-01,persistence,269.6441192903071,244.23784679378073,0.9219544457292888
2026-06-02,persistence,431.94620940543746,80.10813059711865,1.8439088914585775
2026-06-03,persistence,123.5758704589366,114.53280710219187,1.3829316685939332
2026-06-04,persistence,200.96843823731297,182.74351793771874,1.807931668593933
2026-06-05,persistence,196.59298301468368,190.64739820896102,1.4609772228646443
2026-06-06,persistence,237.02391062619506,197.3489299799249,1.807931668593933
2026-06-07,persistence,284.1193174035935,257.6235235100539,1.3469544457292888
2026-06-08,persistence,319.5206837272158,103.07488127740498,0.9219544457292888
2026-06-09,persistence,255.84130011612532,206.89979327451675,1.4219544457292888
2026-06-10,persistence,266.5848012607473,139.87986943918295,1.3859772228646445
2026-06-11,persistence,195.90272378311965,186.4548571317644,1.8439088914585775
2026-06-12,persistence,230.59458499804057,60.81062796391218,1.3829316685939332
2026-06-13,persistence,116.37504707527194,62.18341587982335,1.8439088914585775
2026-06-14,persistence,270.97977067290543,217.82262372008992,0.9219544457292888
2026-06-15,persistence,217.82262372008992,239.84869993041667,0.9219544457292888
2026-06-16,persistence,256.1215846730617,163.53319393546295,1.8439088914585775
2026-06-17,persistence,179.03253462166884,129.78676124168288,1.3859772228646445
2026-06-18,persistence,140.23531054879436,482.774321255363,0.9219544457292888
2026-06-19,persistence,699.0675440163665,302.12771954976535,1.3829316685939332
2026-06-20,persistence,313.0023318627947,286.3091623759218,1.3469544457292888
2026-06-21,persistence,289.279263356749,265.129653719305,0.9609772228646444
2026-06-22,persistence,265.70717869315735,270.33102967065156,0.9219544457292888
2026-06-23,persistence,371.91061266450777,777.2129686515511,1.8439088914585775
2026-06-24,persistence,777.8509910577143,926.6346203270871,1.8439088914585775
2026-06-25,persistence,938.3314285988204,401.37269177524615,2.2329316685939333
2026-06-26,persistence,425.5452713928022,474.5819772197658,1.3829316685939332
2026-06-27,persistence,478.0649183962364,337.0000086196101,1.8829316685939332
2026-06-28,persistence,363.30967480048366,258.39226560768066,1.3829316685939332
2026-06-29,persistence,275.2177569574726,207.78699847724914,0.9219544457292888
2025-07-17,lstm_q50,87.71114823671708,90.79926531632947,1.8079316685939333
2025-07-18,lstm_q50,101.7018691272702,80.68787863666641,1.3829316685939332
2025-07-19,lstm_q50,147.74883752585464,198.50498133226495,0.9219544457292888
2025-07-20,lstm_q50,219.99589412772002,191.1219370552243,0.9219544457292888
2025-07-21,lstm_q50,163.19663617890453,69.12828108916099,1.807931668593933
2025-07-22,lstm_q50,117.4434677001519,194.35837114354507,1.8079316685939333
2025-07-23,lstm_q50,137.39384585826963,116.20786712430787,1.807931668593933
2025-07-24,lstm_q50,130.44742377855601,90.04466287838022,1.8079316685939333
2025-07-25,lstm_q50,101.72991524472951,29.036124025245115,1.8079316685939333
2025-07-26,lstm_q50,143.83277545039536,104.09604540772033,0.9219544457292888
2025-07-27,lstm_q50,139.08788934119542,175.41173846809198,0.9219544457292888
2025-07-28,lstm_q50,109.44702897101045,86.17002803355476,1.8079316685939333
2025-07-29,lstm_q50,114.37626664859191,214.37157573721106,1.8079316685939333
2025-07-30,lstm_q50,151.4160251802424,145.17537983562454,1.8079316685939333
2025-07-31,lstm_q50,131.21308459061504,119.69999248229541,1.8079316685939333
2025-08-01,lstm_q50,119.58202859285949,104.87943716411662,1.4219544457292888
2025-08-02,lstm_q50,143.1636944450599,197.26137320823864,0.9219544457292888
2025-08-03,lstm_q50,186.46050627339667,183.68362635670655,0.9219544457292888
2025-08-04,lstm_q50,138.2130262974473,194.3198737626361,1.807931668593933
2025-08-05,lstm_q50,173.06462328103828,213.25608271146046,1.8439088914585775
2025-08-06,lstm_q50,172.64567971013,322.3008220434642,1.807931668593933
2025-08-07,lstm_q50,202.3115792896013,242.11526981716332,1.8439088914585775
2025-08-08,lstm_q50,209.82956948825745,251.00148638202523,1.807931668593933
2025-08-09,lstm_q50,253.730712231617,249.9308503437128,1.3469544457292888
2025-08-10,lstm_q50,252.22582977180372,311.5456015977459,1.3469544457292888
2025-08-11,lstm_q50,258.76852298815464,358.3400441633173,1.8439088914585775
2025-08-12,lstm_q50,258.67393046737584,267.7011251759857,1.8439088914585775
2025-08-13,lstm_q50,237.70401623623428,298.8448092001129,1.8439088914585775
2025-08-14,lstm_q50,244.76178132912963,365.04503021846585,1.8439088914585775
2025-08-15,lstm_q50,242.977528128954,208.61074417073695,1.4219544457292888
2025-08-16,lstm_q50,271.74825564360253,173.34963722545342,1.3829316685939332
2025-08-17,lstm_q50,252.14336865305148,179.36901648297209,1.3469544457292888
2025-08-18,lstm_q50,239.65820187776777,339.49445580312903,1.8439088914585775
2025-08-19,lstm_q50,259.2242582284514,206.0542513369014,1.8439088914585775
2025-08-20,lstm_q50,251.94832687342617,157.497962760965,1.8439088914585775
2025-08-21,lstm_q50,201.76400003483025,77.88710098046701,1.8439088914585775
2025-08-22,lstm_q50,152.2606475915657,207.52185561012558,1.807931668593933
2025-08-23,lstm_q50,193.758720333939,198.52043909533467,1.3469544457292888
2025-08-24,lstm_q50,196.1828717988756,215.92206943084776,0.9609772228646444
2025-08-25,lstm_q50,234.52578771795623,368.71830506620336,1.8439088914585775
2025-08-26,lstm_q50,260.1618142172371,293.5764601145921,1.8439088914585775
2025-08-27,lstm_q50,227.31158623096803,297.1885239142351,1.8439088914585775
2025-08-28,lstm_q50,219.99871228835207,160.99602168293015,1.8439088914585775
2025-08-29,lstm_q50,150.9665887035838,159.8892310577648,1.8439088914585775
2025-08-30,lstm_q50,173.2599485182782,228.03237807592296,1.3829316685939332
2025-08-31,lstm_q50,211.2478410534421,207.01683608205215,1.3829316685939332
2025-09-01,lstm_q50,234.98095871498492,387.32137936774274,1.8439088914585775
2025-09-02,lstm_q50,256.35833817122136,430.340863881666,1.8439088914585775
2025-09-03,lstm_q50,289.0019112457326,249.5547702878178,1.8439088914585775
2025-09-04,lstm_q50,263.9309824924838,602.2110495562936,1.8439088914585775
2025-09-05,lstm_q50,316.66950548970834,149.8290735532488,1.8439088914585775
2025-09-06,lstm_q50,210.09585798789723,280.6084256530157,1.3829316685939332
2025-09-07,lstm_q50,258.8979313952013,281.57479625303154,1.3829316685939332
2025-09-08,lstm_q50,288.64893639682725,556.833297106075,1.8439088914585775
2025-09-09,lstm_q50,309.0856492578046,608.9809882127779,1.8439088914585775
2025-09-10,lstm_q50,308.71726613195045,388.2671294309875,1.8439088914585775
2025-09-11,lstm_q50,286.8144983261794,303.65556418115716,1.8439088914585775
2025-09-12,lstm_q50,300.12601664934976,363.6784291879576,1.8439088914585775
2025-09-13,lstm_q50,315.24526832895185,183.16566401635478,1.8439088914585775
2025-09-14,lstm_q50,256.8348897508926,334.29637331438096,1.4219544457292888
2025-09-15,lstm_q50,364.4800124488072,203.03185489094045,1.8439088914585775
2025-09-16,lstm_q50,261.5038012542053,179.49696527720093,1.8439088914585775
2025-09-17,lstm_q50,197.51049519590185,295.1447462125167,1.8439088914585775
2025-09-18,lstm_q50,213.70648290819437,306.0016183018928,1.8439088914585775
2025-09-19,lstm_q50,255.39036196624122,625.7589045017976,1.8439088914585775
2025-09-20,lstm_q50,374.0524950869375,282.1535633691104,1.8439088914585775
2025-09-21,lstm_q50,307.51915387886277,125.39751600137534,1.8439088914585775
2025-09-22,lstm_q50,232.6020880287423,146.24316622942246,1.8439088914585775
2025-09-23,lstm_q50,152.05915785405716,221.6280161261152,1.8439088914585775
2025-09-24,lstm_q50,201.15349891025295,240.74347270116903,1.8439088914585775
2025-09-25,lstm_q50,188.72296776689058,241.91666195530865,1.8439088914585775
2025-09-26,lstm_q50,240.50612460531065,122.75238251934672,1.8439088914585775
2025-09-27,lstm_q50,164.1604634070274,145.81971791948894,1.3829316685939332
2025-09-28,lstm_q50,119.58869081629545,199.30614685337065,1.8439088914585775
2025-09-29,lstm_q50,200.44621340169442,653.1683156355033,1.8439088914585775
2025-09-30,lstm_q50,313.19212708528926,630.3168798257051,1.8439088914585775
2025-10-01,lstm_q50,312.8093254778849,497.0593140459866,1.8439088914585775
2025-10-02,lstm_q50,329.7090764447945,291.04271678476147,1.8439088914585775
2025-10-03,lstm_q50,267.3655665104114,253.84741711113406,1.8439088914585775
2025-10-04,lstm_q50,256.1789646691859,2.4242893561050805,1.8439088914585775
2025-10-05,lstm_q50,60.44938955347695,53.10786077931759,1.3469544457292888
2025-10-06,lstm_q50,178.78956543290326,179.15732584779852,1.8439088914585775
2025-10-07,lstm_q50,185.54025763230408,425.71819113730584,1.8439088914585775
2025-10-08,lstm_q50,223.83788749409564,253.81617974778925,1.8439088914585775
2025-10-09,lstm_q50,201.84519485434947,119.2914933220984,1.8439088914585775
2025-10-10,lstm_q50,175.17633044985868,93.55014093605118,1.8439088914585775
2025-10-11,lstm_q50,116.99711563096054,114.18252741942001,1.4219544457292888
2025-10-12,lstm_q50,111.2862153089402,62.2256308768157,1.3829316685939332
2025-10-13,lstm_q50,158.40636691676764,530.9224331048141,1.8439088914585775
2025-10-14,lstm_q50,286.98981172641265,611.755907659421,1.8439088914585775
2025-10-15,lstm_q50,331.35346556219054,460.96730041841874,1.8439088914585775
2025-10-16,lstm_q50,247.00937537282846,106.63067450501069,1.8439088914585775
2025-10-17,lstm_q50,187.57974282817628,107.12008654767288,1.8439088914585775
2025-10-18,lstm_q50,135.09507976391382,94.35002271979926,1.8439088914585775
2025-10-19,lstm_q50,110.25616817539222,120.25503307784383,1.8439088914585775
2025-10-20,lstm_q50,209.17773938958769,139.88952405666356,1.8439088914585775
2025-10-21,lstm_q50,175.93699620851007,173.03666574282903,1.8439088914585775
2025-10-22,lstm_q50,218.78461381272496,310.39319973628636,2.3048861143232218
2025-10-23,lstm_q50,189.86336214712588,74.643140885061,1.8439088914585775
2025-10-24,lstm_q50,115.79271272253635,277.76503800428765,2.3048861143232218
2025-10-25,lstm_q50,127.48434919203666,102.64082460014835,2.3048861143232218
2025-11-03,lstm_q50,122.20161919985327,73.04067175258714,1.4219544457292888
2025-11-04,lstm_q50,85.39299624490025,234.3411764409167,1.8439088914585775
2025-11-05,lstm_q50,145.2200735655245,134.1259021102274,2.3048861143232218
2025-11-06,lstm_q50,143.05584065159246,130.80196746386167,1.8439088914585775
2025-11-07,lstm_q50,122.2157979386383,167.6715012308362,1.8439088914585775
2025-11-08,lstm_q50,76.64727374189614,33.156107153137555,1.3829316685939332
2025-11-09,lstm_q50,41.55175970970994,27.9301339545068,0.9219544457292888
2025-11-10,lstm_q50,88.41917666060826,98.2708618414816,1.8439088914585775
2025-11-11,lstm_q50,112.68925521468773,109.67362094961493,1.8439088914585775
2025-11-12,lstm_q50,120.02011284491401,139.71262889840062,1.8439088914585775
2025-11-13,lstm_q50,100.82651205660065,152.1644106698718,1.8439088914585775
2025-11-14,lstm_q50,120.3634115197097,64.31787708790904,2.3048861143232218
2025-11-15,lstm_q50,70.06159602810263,2.369661413603069,1.3829316685939332
2025-11-16,lstm_q50,45.92002178916516,31.47421748000096,1.3829316685939332
2025-11-17,lstm_q50,106.09219657394898,70.6122857103571,1.3469544457292888
2025-11-18,lstm_q50,106.91343327459506,104.76080704208312,1.8439088914585775
2025-11-19,lstm_q50,95.28433101694532,73.6368117213085,1.7719544457292888
2025-11-20,lstm_q50,83.37755252697698,120.47115861108688,1.8439088914585775
2025-11-21,lstm_q50,87.93461169784828,287.9992729592484,1.7719544457292888
2025-11-22,lstm_q50,122.95728186832568,38.0005748786964,1.8439088914585775
2025-11-23,lstm_q50,100.59143962260436,2.4026353803481584,1.3829316685939332
2025-11-24,lstm_q50,126.09542088943107,193.7492548708944,1.8439088914585775
2025-11-25,lstm_q50,134.11787073283023,408.07418551538524,0.9219544457292888
2025-11-26,lstm_q50,185.55046375692683,348.32051362494343,0.9219544457292888
2025-11-27,lstm_q50,159.76353540886146,38.48076448104882,1.8439088914585775
2025-11-28,lstm_q50,140.0345233175585,1.7392604777506335,1.8439088914585775
2025-11-29,lstm_q50,85.89016884258713,-25.278557060283276,2.3048861143232218
2025-11-30,lstm_q50,57.261834637001364,-11.577377768632715,1.8439088914585775
2025-12-01,lstm_q50,182.54784100021962,18.56407627337127,0.9219544457292888
2025-12-02,lstm_q50,139.84203969088617,28.307409006450975,1.4219544457292888
2025-12-03,lstm_q50,128.39243626423098,363.1666241104116,1.8439088914585775
2025-12-04,lstm_q50,158.66593461832414,29.49720196228327,1.8439088914585775
2025-12-05,lstm_q50,63.06396345506073,149.30481300539597,0.9219544457292888
2025-12-06,lstm_q50,74.74627659754081,22.026272085269085,0.9219544457292888
2025-12-07,lstm_q50,62.95431957695713,69.78911019078086,1.3829316685939332
2025-12-08,lstm_q50,150.2093855721532,93.46853850539681,0.9219544457292888
2025-12-09,lstm_q50,112.63924817305377,37.043724301754395,2.3048861143232218
2025-12-10,lstm_q50,139.50671626829592,65.92885674302931,1.8439088914585775
2025-12-11,lstm_q50,107.8423303661252,9.110230597103822,2.3048861143232218
2025-12-12,lstm_q50,82.30537227768991,49.66358771427832,1.8439088914585775
2025-12-13,lstm_q50,47.15009444138888,21.182079363116785,0.9219544457292888
2025-12-14,lstm_q50,48.99402230498599,22.231634222149523,1.3829316685939332
2025-12-15,lstm_q50,85.15988759250578,28.05255808997171,1.4219544457292888
2025-12-16,lstm_q50,58.76363103883371,76.80893153433516,1.7719544457292888
2025-12-17,lstm_q50,89.85476224732939,38.560052887984085,1.4219544457292888
2025-12-18,lstm_q50,63.397790455037395,121.27083511568566,0.9219544457292888
2025-12-19,lstm_q50,75.16992279988038,76.36389247803396,1.8829316685939332
2025-12-20,lstm_q50,79.88353868959904,8.078095734752765,1.3829316685939332
2025-12-21,lstm_q50,54.66239521463538,2.117563285293258,0.9219544457292888
2025-12-22,lstm_q50,82.29074933381418,11.416885946362626,0.9219544457292888
2025-12-23,lstm_q50,49.917112076593966,21.517311036262626,0.9219544457292888
2025-12-24,lstm_q50,33.413344939566926,17.517049251464783,1.3829316685939332
2025-12-25,lstm_q50,52.76793268564666,24.095962665805118,0.4609772228646444
2025-12-26,lstm_q50,36.372440455478284,17.56547372186182,0.9219544457292888
2025-12-27,lstm_q50,47.59952515893097,23.15717821925591,1.3829316685939332
2025-12-28,lstm_q50,53.33646560180962,13.159215305376051,1.3469544457292888
2025-12-29,lstm_q50,86.31484038130773,28.112452575403267,1.8439088914585775
2025-12-30,lstm_q50,48.947402927306584,40.60472699982898,1.8439088914585775
2025-12-31,lstm_q50,51.9326704885937,33.69970660760663,1.3829316685939332
2026-01-01,lstm_q50,52.688059762021524,35.97464156417976,0.8859772228646444
2026-01-02,lstm_q50,37.12868414250353,-12.18194231367471,1.3859772228646445
2026-01-03,lstm_q50,52.423699361431474,8.154010863750216,2.2329316685939333
2026-01-04,lstm_q50,60.203022688880125,27.75730417763434,0.9219544457292888
2026-01-05,lstm_q50,69.17260678112774,180.51876381471465,1.3469544457292888
2026-01-06,lstm_q50,90.0176882209247,67.2248457586613,0.9219544457292888
2026-01-07,lstm_q50,70.11948112343484,43.4657525048562,1.8439088914585775
2026-01-08,lstm_q50,68.68355031892509,127.14814935461646,1.4219544457292888
2026-01-09,lstm_q50,128.6361823745957,28.64433042960283,0.9219544457292888
2026-01-10,lstm_q50,60.95341734009375,34.795783540971684,1.882931668593933
2026-01-11,lstm_q50,28.28340341221434,5.352826281649641,1.4609772228646443
2026-01-12,lstm_q50,75.11388467917193,-48.50163260400154,1.8439088914585775
2026-01-13,lstm_q50,91.84297974132976,60.46498985226201,0.9219544457292888
2026-01-14,lstm_q50,87.05458498570601,40.48332658562114,0.9219544457292888
2026-01-15,lstm_q50,100.5103284290819,34.3948581809251,1.8439088914585775
2026-01-16,lstm_q50,69.19179906293998,93.31893511931833,1.8439088914585775
2026-01-17,lstm_q50,80.34917804731874,9.592770246243788,1.882931668593933
2026-01-18,lstm_q50,31.364367199159034,31.808765515219278,0.9219544457292888
2026-01-19,lstm_q50,72.22902833493018,173.29785833207185,1.8439088914585775
2026-01-20,lstm_q50,119.86424262086982,403.76018614947805,1.8439088914585775
2026-01-21,lstm_q50,241.49862654423941,130.54148211560664,1.8439088914585775
2026-01-22,lstm_q50,146.10332426842763,96.20044354922629,1.8439088914585775
2026-01-23,lstm_q50,113.8962153695099,91.77497367658003,1.8439088914585775
2026-01-24,lstm_q50,76.04523504953096,36.36079805730327,1.8439088914585775
2026-01-25,lstm_q50,54.05476601806129,23.793659879198287,0.9219544457292888
2026-01-26,lstm_q50,71.60185668744711,79.32976452058199,1.4219544457292888
2026-01-27,lstm_q50,119.90603371727545,85.29327929940501,1.7719544457292888
2026-01-28,lstm_q50,55.333635770511165,82.49517704702475,1.4219544457292888
2026-01-29,lstm_q50,72.71711706736437,86.97779471403032,0.9219544457292888
2026-01-30,lstm_q50,54.967004395577916,43.563459008896075,0.9219544457292888
2026-01-31,lstm_q50,43.44546459151819,34.780133438333394,0.9219544457292888
2026-02-01,lstm_q50,25.771395347053655,29.72156183328221,0.8859772228646444
2026-02-02,lstm_q50,78.70793233220613,34.5808101386491,1.8439088914585775
2026-02-03,lstm_q50,77.54652089096294,19.68022025521691,1.3469544457292888
2026-02-04,lstm_q50,51.38759383140908,60.945362312135956,1.8439088914585775
2026-02-05,lstm_q50,58.45306324416494,43.21684955347655,1.8439088914585775
2026-02-06,lstm_q50,45.32778621213727,15.234380920876845,1.4219544457292888
2026-02-07,lstm_q50,42.272831200844124,30.920233772890526,0.9219544457292888
2026-02-08,lstm_q50,18.522319354388415,25.027909824123242,0.9219544457292888
2026-02-09,lstm_q50,78.06713503920983,180.69308219346328,1.8439088914585775
2026-02-10,lstm_q50,102.84549528150174,35.975665161550126,1.8439088914585775
2026-02-11,lstm_q50,75.98184435843697,20.74176357479101,1.8439088914585775
2026-02-12,lstm_q50,53.530433758242864,38.640152046033734,1.7719544457292888
2026-02-13,lstm_q50,43.94553915748693,25.0902237384755,0.9219544457292888
2026-02-14,lstm_q50,56.785455595515884,33.82773389533216,0.9219544457292888
2026-02-15,lstm_q50,16.222490635884455,28.98548971933397,0.8859772228646444
2026-02-16,lstm_q50,122.5928323625283,45.8334152061573,1.8439088914585775
2026-02-17,lstm_q50,81.67746577053275,63.367714001757605,1.8439088914585775
2026-02-18,lstm_q50,62.268838249746096,158.13646656989556,1.8439088914585775
2026-02-19,lstm_q50,104.99189331913757,-4.386322090732818,1.8439088914585775
2026-02-20,lstm_q50,45.317444392868154,54.436280614859186,1.8439088914585775
2026-02-21,lstm_q50,52.02453541841983,52.50249294018374,1.8439088914585775
2026-02-22,lstm_q50,57.54295378956154,51.535064375450645,2.232931668593933
2026-02-23,lstm_q50,78.73305157451549,213.0929338653222,2.3048861143232218
2026-02-24,lstm_q50,99.94866872964934,158.21220870758862,1.8439088914585775
2026-02-25,lstm_q50,142.63340599054882,124.48863380978017,1.8439088914585775
2026-02-26,lstm_q50,135.78127655139014,183.88290488228893,1.8439088914585775
2026-02-27,lstm_q50,116.83732762727354,210.79978380388638,1.8439088914585775
2026-02-28,lstm_q50,159.32934762504038,170.88148420472905,1.4219544457292888
2026-03-01,lstm_q50,171.81996953876265,166.33043308674002,1.3829316685939332
2026-03-02,lstm_q50,269.762195633324,284.4373781455507,1.8439088914585775
2026-03-03,lstm_q50,240.87433826576418,321.2734629730953,1.8439088914585775
2026-03-04,lstm_q50,246.93678818834366,581.9133082424646,1.8439088914585775
2026-03-05,lstm_q50,342.37289693813227,325.8645456663186,1.8439088914585775
2026-03-06,lstm_q50,293.6567553282125,302.90997843688706,1.8439088914585775
2026-03-07,lstm_q50,280.77278584870965,279.6019646067191,1.4219544457292888
2026-03-08,lstm_q50,267.27746533924034,266.41022294379115,1.3829316685939332
2026-03-09,lstm_q50,307.8366766011102,308.40129784159956,1.8439088914585775
2026-03-10,lstm_q50,274.3216480418831,240.05337100199134,1.8439088914585775
2026-03-11,lstm_q50,278.57804704741784,206.49662911370393,1.8439088914585775
2026-03-12,lstm_q50,233.49902730234982,309.1116000437545,2.3048861143232218
2026-03-13,lstm_q50,239.4806445576749,201.98403522722938,1.8439088914585775
2026-03-14,lstm_q50,294.4470575365326,17.513776205537624,1.3829316685939332
2026-03-15,lstm_q50,107.25313244056836,217.58079546033397,1.3829316685939332
2026-03-16,lstm_q50,235.03885079683255,279.307465708282,1.8439088914585775
2026-03-17,lstm_q50,220.67088344876345,213.3947333081818,1.8439088914585775
2026-03-18,lstm_q50,199.5195633631409,326.19538965203776,1.8439088914585775
2026-03-19,lstm_q50,252.74525842801836,353.3110242988483,1.8439088914585775
2026-03-20,lstm_q50,264.0417209811193,275.5570738009047,1.8439088914585775
2026-03-21,lstm_q50,245.62337433611424,239.8155388313246,1.807931668593933
2026-03-22,lstm_q50,214.0982931500737,279.5917004659393,1.3829316685939332
2026-03-23,lstm_q50,265.9095787316012,376.99626108138864,1.8439088914585775
2026-03-24,lstm_q50,265.4043771187767,310.47616342373317,1.8439088914585775
2026-03-25,lstm_q50,283.94917474093506,185.26757191279734,1.807931668593933
2026-03-26,lstm_q50,176.6955844800815,305.27642381774075,1.8439088914585775
2026-03-27,lstm_q50,254.03237454249566,243.63394456840663,1.8439088914585775
2026-03-28,lstm_q50,341.15967002894655,208.45769647104825,1.3829316685939332
2026-03-29,lstm_q50,208.83443886425113,252.43009247958196,1.8439088914585775
2026-03-30,lstm_q50,324.7825383556673,267.4773937267873,1.8439088914585775
2026-03-31,lstm_q50,230.59203067180846,218.7940375368062,1.8439088914585775
2026-04-01,lstm_q50,211.6793640398353,234.47069413006773,2.232931668593933
2026-04-02,lstm_q50,210.0045416406855,197.0250284946902,1.8439088914585775
2026-04-03,lstm_q50,267.28851404888735,221.87916537993482,1.4219544457292888
2026-04-04,lstm_q50,287.4349017939661,225.05699976312334,1.3829316685939332
2026-04-05,lstm_q50,238.25447616250835,243.88285467587437,2.3048861143232218
2026-04-06,lstm_q50,208.40253978930312,355.60310274252237,2.2689088914585773
2026-04-07,lstm_q50,252.8148400860239,422.5182178021181,1.8439088914585775
2026-04-08,lstm_q50,294.6807742291431,434.62929984760774,1.8439088914585775
2026-04-09,lstm_q50,299.9438645564161,322.42711529406665,1.8439088914585775
2026-04-10,lstm_q50,268.60520771551666,233.43663089893764,1.8439088914585775
2026-04-11,lstm_q50,242.65659318372914,261.8600456936003,2.3048861143232218
2026-04-12,lstm_q50,308.336694615808,195.26909056805908,1.3469544457292888
2026-04-13,lstm_q50,183.5035576631368,83.63285500743655,1.8439088914585775
2026-04-14,lstm_q50,170.22137997550584,218.5942123895553,1.8439088914585775
2026-04-15,lstm_q50,168.2318208281882,229.18537333567696,1.8439088914585775
2026-04-16,lstm_q50,169.09571536556695,226.91482883151585,1.8439088914585775
2026-04-17,lstm_q50,197.30020187404733,241.5287996873424,1.8439088914585775
2026-04-18,lstm_q50,252.12831789374133,229.7350638729922,1.3829316685939332
2026-04-19,lstm_q50,232.9352053204641,213.8153325307523,1.3469544457292888
2026-04-20,lstm_q50,236.01525914681378,180.727392081758,1.8439088914585775
2026-04-21,lstm_q50,171.41581179929676,268.98601327625613,1.8439088914585775
2026-04-22,lstm_q50,210.0066387511554,335.7917897954299,1.8439088914585775
2026-04-23,lstm_q50,261.49079662531983,345.5815618752278,1.8439088914585775
2026-04-24,lstm_q50,281.5834536765453,324.50961994827145,1.8439088914585775
2026-04-25,lstm_q50,327.18214353042697,485.53893192885266,1.3829316685939332
2026-04-26,lstm_q50,300.7821331542873,1085.690982231376,0.9219544457292888
2026-04-27,lstm_q50,262.8365542558373,342.77845256318574,1.3469544457292888
2026-04-28,lstm_q50,213.26226108733528,272.5450944223084,1.8439088914585775
2026-04-29,lstm_q50,226.35749985050646,353.23001808181345,1.4219544457292888
2026-04-30,lstm_q50,196.69864058837982,328.1083035174259,1.0
2026-05-01,lstm_q50,259.69545599804366,1020.7946467683372,0.9219544457292888
2026-05-02,lstm_q50,340.6344590098163,415.2316782066894,0.9609772228646444
2026-05-03,lstm_q50,292.3566411850146,261.5360844761958,1.3469544457292888
2026-05-04,lstm_q50,197.4909942848126,273.45884375855866,1.3859772228646445
2026-05-05,lstm_q50,131.61395221637886,109.44077767487406,1.3469544457292888
2026-05-06,lstm_q50,89.19954417509592,74.87352707698714,1.4219544457292888
2026-05-07,lstm_q50,87.71743120908282,142.88731614294733,1.0
2026-05-08,lstm_q50,111.42063640338938,121.03108735013785,1.3859772228646445
2026-05-09,lstm_q50,185.48353292130054,242.9790092536087,1.3829316685939332
2026-05-10,lstm_q50,265.9943824772545,226.03591862801332,1.3469544457292888
2026-05-11,lstm_q50,259.5565830339109,58.85925779220486,1.8439088914585775
2026-05-12,lstm_q50,152.46058044436086,190.02965907856827,1.8439088914585775
2026-05-13,lstm_q50,141.6454037414067,139.27496984489,1.8439088914585775
2026-05-14,lstm_q50,171.82084654028318,236.79616641242876,1.3469544457292888
2026-05-15,lstm_q50,166.41054821874792,150.20254649470473,1.807931668593933
2026-05-16,lstm_q50,280.86902870352657,234.08203801293178,1.3469544457292888
2026-05-17,lstm_q50,319.7241760535266,240.29705657124705,1.3469544457292888
2026-05-18,lstm_q50,171.4866503221853,186.3682544394129,1.8439088914585775
2026-05-19,lstm_q50,155.96400617771172,157.542777944815,1.807931668593933
2026-05-20,lstm_q50,164.1164769768194,184.5310035121824,1.8439088914585775
2026-05-21,lstm_q50,193.30777819709667,279.9146800168183,1.807931668593933
2026-05-22,lstm_q50,214.1576212172215,317.6177484874984,1.807931668593933
2026-05-23,lstm_q50,350.8621855108423,323.81836944484553,1.3469544457292888
2026-05-24,lstm_q50,377.6190183368948,378.33967652039325,1.3469544457292888
2026-05-25,lstm_q50,405.52187989057444,340.8005903737286,1.3829316685939332
2026-05-26,lstm_q50,323.81699033695855,359.30595775085214,1.8439088914585775
2026-05-27,lstm_q50,298.3214618470831,243.4325835303277,1.8439088914585775
2026-05-28,lstm_q50,274.7897187829886,655.1087643243603,1.3469544457292888
2026-05-29,lstm_q50,353.8273729296126,371.73050113210303,1.3829316685939332
2026-05-30,lstm_q50,454.6344061500097,275.5729488257066,1.3829316685939332
2026-05-31,lstm_q50,427.97141310473955,251.91868783154524,1.3829316685939332
2026-06-01,lstm_q50,261.58334946585336,336.0831360938805,1.807931668593933
2026-06-02,lstm_q50,297.32182667210424,76.93580300008651,1.8439088914585775
2026-06-03,lstm_q50,183.29333452838887,194.81732489602177,1.807931668593933
2026-06-04,lstm_q50,279.07071854955115,174.10526737602638,1.3829316685939332
2026-06-05,lstm_q50,223.6025309471599,126.21833144420538,1.3469544457292888
2026-06-06,lstm_q50,306.48623574357464,267.54132014102277,1.3829316685939332
2026-06-07,lstm_q50,302.9028849997356,279.61618480256465,1.3469544457292888
2026-06-08,lstm_q50,234.4359096137917,186.44170394735576,1.8439088914585775
2026-06-09,lstm_q50,220.1557406646644,217.2398706048494,1.3829316685939332
2026-06-10,lstm_q50,210.26281711506428,138.6449228490761,1.8439088914585775
2026-06-11,lstm_q50,163.59503988419894,211.83800842812133,1.3859772228646445
2026-06-12,lstm_q50,184.61951389227147,88.2236010610371,1.807931668593933
2026-06-13,lstm_q50,249.71955827217127,186.53926733415483,1.3469544457292888
2026-06-14,lstm_q50,278.8032409628739,217.82262372008992,0.9219544457292888
2026-06-15,lstm_q50,128.91329408650256,236.0952659820631,1.3469544457292888
2026-06-16,lstm_q50,204.09610696371544,169.10131352862703,1.3469544457292888
2026-06-17,lstm_q50,150.30064927275464,121.84207886335689,1.7719544457292888
2026-06-18,lstm_q50,171.5687965933098,677.9268857293466,1.807931668593933
2026-06-19,lstm_q50,275.54960211143737,285.8330156457246,1.4219544457292888
2026-06-20,lstm_q50,374.80903316420984,285.4711047138983,1.3829316685939332
2026-06-21,lstm_q50,383.77394630946037,257.6198873055861,1.3829316685939332
2026-06-22,lstm_q50,274.33899131471975,362.6697472999384,1.807931668593933
2026-06-23,lstm_q50,298.3954276350255,774.3859959303952,1.8439088914585775
2026-06-24,lstm_q50,398.9919248731462,922.2345442690191,1.8439088914585775
2026-06-25,lstm_q50,543.5374624938644,415.1017421329891,1.3469544457292888
2026-06-26,lstm_q50,412.05497833843276,454.6844102825602,1.3469544457292888
2026-06-27,lstm_q50,507.6650636076093,360.92765567843367,1.3829316685939332
2026-06-28,lstm_q50,387.6831413987519,258.3964190847896,1.3829316685939332
2026-06-29,lstm_q50,286.4160595420618,318.38562684421197,1.807931668593933
